,fold0,fold1,fold2,mean
RandomForest,4.37317227800281,4.773816689295092,4.626270978721646,4.5910866486731825
GradientBoosting,21.612164438105452,22.924466567183515,21.737375418102978,22.09133547446398
AdaBoost,4.408796519757457,4.788488441364372,4.645359205787549,4.614214722303125
