,fold0,fold1,fold2,mean
RandomForest,24.801691,29.698647,25.436687,26.645675659179688
GradientBoosting,26.8939,30.616257,27.24183,28.250661214192707
AdaBoost,26.992208,29.410023,28.504595,28.302274068196613
KNN,60.08716,54.280376,58.328606,57.56537882486979
